"","Scale","Dispersion","Pairwise"
"1","Site",0.394764646564477,0.193586685172904
"2","Day",0.360445194300013,0.032317199392654
"3","Hour",0.385226021016576,0.186124982702498
